Job Title,Company,Location
Data Engineer,FuturHealth,"San Diego, CA"
Data Engineer,Synchro,United States
Data Engineer,Accroid Inc,United States
Data Engineer,"Anveta, Inc",United States
Data Engineer (Python - Hedge Fund),Randstad Digital,"New York, NY"
Data Engineer,Steneral Consulting,United States
Data Engineer,Sand Cherry,United States
Junior/Entry Data Engineer (Remote),SynergisticIT,"San Francisco, CA"
Sr. Data Engineer,Irvine Technology Corporation,"Boston, MA"
Data Engineer,Steneral Consulting,United States
Data Engineer,Tekgence Inc,United States
Data Engineer,Starcom Consultant,United States
AWS St Data Engineer,InterEx Group,"New York, United States"
Data ETL Developer,Accroid Inc,United States
Data Engineer,EA Team Inc,"Phoenix, AZ"
Data Engineer,Curate Partners,New York City Metropolitan Area
Data Engineer,Dale WorkForce Solutions,"Thousand Oaks, CA"
Junior Data Analyst/Engineer (Remote),SynergisticIT,"Atlanta, GA"
Jr Data Engineer with ETL- W2 Contract,"eTek IT Services, Inc.",United States
Data Engineer,The Fountain Group,United States
Azure Data Engineer w/ Python/C#,Accroid Inc,United States
Senior Data Engineer,Actable,United States
Senior Data Engineer (Contract-to-Hire),Reveal HealthTech,United States
ML Data Engineer,Ampcus Inc,"Santa Clara, CA"
Data Engineer,Accroid Inc,United States
Senior Data Engineer,"Delphi-US, LLC - Peacemakers in the Talent War",United States
Data Engineer II,Kforce Inc,"St Louis, MO"
Data Engineer,Zeektek,United States
Senior Data Engineer (Databricks),G2O,United States
Data Engineer,"Kelly Science, Engineering, Technology & Telecom","Iowa, United States"
Senior Data Engineer(Dallas/Face to Face),HatchPros,United States
"Data Engineer (Python, AWS)",The Judge Group,"Chicago, IL"
Junior/Entry Level Data Engineer,SynergisticIT,"Houston, TX"
Data Engineer,Akkodis,United States
Entry Level Data Engineer - Remote,SynergisticIT,"Indianapolis, IN"
Data Engineer,Kforce Inc,"Dallas, TX"
Junior Data Analyst/Engineer,SynergisticIT,"Austin, TX"
Data Engineer,Steneral Consulting,United States
SQL Engineer,"Excel Hire Staffing,LLC",United States
Data Engineer,HireTalent - Diversity Staffing & Recruiting Firm,United States
Data Engineer,Steneral Consulting,United States
ML Data Engineer-I - US,Zortech Solutions,United States
Remote Data Engineer,Stellar Professionals,United States
Data Analytics Engineer,Wizcom Corporation (Formerly Dextro Software Systems),United States
Azure Data Engineer,Steneral Consulting,United States
Data Engineer,Insight Global,United States
Azure Data Engineer,"Conch Technologies, Inc",United States
Data Engineer,Starcom Consultant,United States
Data Engineer--GA4,Horizontal Talent,"Chicago, IL"
Data Engineer,MissionStaff,"Pennsylvania, United States"
Data Engineer,DataAnnotation,Greater St. Louis
Data Engineer (Contract),Qarik Group,"Chicago, IL"
Data Engineer,DataAnnotation,"Portland, Oregon Metropolitan Area"
Data Engineer,DataAnnotation,Greater Cleveland
Data Analyst/Engineer - Junior,SynergisticIT,"San Francisco, CA"
Data Analytics Engineer,Prodware Solutions,United States
Data engineer,Prime Vector Consulting Services LLC,United States
Data Engineer,EA Team Inc,United States
Data/Analytics Engineer:,Steneral Consulting,United States
Data Engineer,Mindlance,"Richmond, VA"
Senior Data Engineer,"Delphi-US, LLC - Peacemakers in the Talent War",United States
Data Engineer II,Kforce Inc,"St Louis, MO"
Data Engineer,Zeektek,United States
Senior Data Engineer (Databricks),G2O,United States
Data Engineer,"Kelly Science, Engineering, Technology & Telecom","Iowa, United States"
Senior Data Engineer(Dallas/Face to Face),HatchPros,United States
"Data Engineer (Python, AWS)",The Judge Group,"Chicago, IL"
Junior/Entry Level Data Engineer,SynergisticIT,"Houston, TX"
Data Engineer,Akkodis,United States
Entry Level Data Engineer - Remote,SynergisticIT,"Indianapolis, IN"
